subreddit_id,subreddit_title,subreddit_text
1c5e18b,Nach Eklat: Bremen suspendiert Naby Keïta,
1c5g5q3,Holstein Kiel wartet auf DFL: Muss die KSV für die Bundesliga umziehen?,
1c5k6fn,"Weltmeister Shkodran Mustafi hofft auf Profi-Comeback: ""Ich werde diesen Monat zwar 32 Jahre alt, dennoch denke ich, dass ich jung genug bin und noch genug Energie in mir habe und Motivation, um nochmal anzugreifen. Das wäre mein größter Wunsch.""",
1c5ixew,TSG: Sieben Millionen stehen im Feuer - Steigt die Schwarz-Gruppe als Sponsor aus?,
1c5j7px,Plettenberg: Fredi Bobic ist einer der Kandidaten für die Nachfolge von Marcel Schäfer beim VfL Wolfsburg,
1c5e63p,"Bayer-Boss Carro: ""Wir werden wahrscheinlich einen großen Verkauf tätigen, und damit können wir zwei oder drei Neuverpflichtungen finanzieren.""",
1c5hukq,"Deutscher Meister: Wir waren Vizekusen - Was geht verloren, wenn man zu den Gewinnern zählt?",
1c59txz,Bernd Hölzenbein: Die Fußballwelt trauert um den Weltmeister von 1974,
1c5j3wd,Hauptstadtklub steuert auf positives Betriebsergebnis 2023/24 zu: 22-Millionen-Tranche von 777 vorzeitig bei Hertha eingegangen,
1c5kxo8,"#BVB - Karim Adeyemi und Niclas Füllkrug sollen nach Sky Infos in der Startelf stehen. Einsatz von Donyell Malen wackelt, steht wohl nicht zur Verfügung. ",
