Stars,Price,Offers,PDP
4.8,"€ 888,00",85 Angebote,lg-oled-c37la-v126789.html
4.6,"€ 859,00",68 Angebote,lg-oled-c31la-v138668.html
4.5,"€ 379,00",125 Angebote,samsung-gu-cu7179u-v126378.html
4.9,"€ 1369,00",54 Angebote,lg-oled-g39la-v127135.html
4.8,"€ 598,08",98 Angebote,hisense-u7kq-v133024.html
,"€ 2281,00",71 Angebote,lg-oled-g48lw-v158480.html
4.4,"€ 869,00",71 Angebote,samsung-gq-qn85cat-v126364.html
,"€ 1699,00",11 Angebote,hisense-u8nq-v161264.html
,"€ 2299,00",21 Angebote,lg-oled-g49ls-v158277.html
3.7,"€ 889,00",50 Angebote,philips-oled708-v132476.html
5.0,"€ 888,00",18 Angebote,lg-oled42c37la-a2904722.html
4.0,"€ 569,00",71 Angebote,philips-pus8808-v131042.html
4.3,"€ 969,00",13 Angebote,lg-oled55c31la-a3008316.html
4.3,"€ 459,00",20 Angebote,samsung-gu55cu7179u-a2915270.html
5.0,"€ 1889,00",16 Angebote,lg-oled65g3-a2871772.html
3.8,"€ 319,00",85 Angebote,philips-pus7608-v129297.html
4.7,"€ 1369,00",19 Angebote,lg-oled55g3-a2871771.html
4.6,"€ 779,00",38 Angebote,sony-x85l-v125526.html
4.6,"€ 1199,00",65 Angebote,samsung-gq-s90cat-v127196.html
4.4,"€ 962,00",31 Angebote,lg-oled-b39la-v126903.html
4.5,"€ 449,00",37 Angebote,hisense-u6kq-v133029.html
,"€ 1039,48",5 Angebote,panasonic-mz700e-v138974.html
,"€ 1699,00",9 Angebote,hisense-75u8nq-a3187417.html
,"€ 2399,00",48 Angebote,samsung-gq-s95d-v158426.html
4.5,"€ 1449,00",64 Angebote,samsung-gq-s95c-v135924.html
4.8,"€ 1489,00",14 Angebote,lg-oled65c37la-a2904725.html
,"€ 1045,00",24 Angebote,samsung-s90cat-v126449.html
,"€ 499,99",34 Angebote,samsung-cu8589u-v127762.html
4.4,"€ 1390,00",16 Angebote,lg-oled65c31la-a3008319.html
4.2,"€ 979,00",47 Angebote,philips-oled808-v131045.html
,"€ 2399,00",48 Angebote,samsung-gq-s95d-v158426.html
4.4,"€ 2629,00",5 Angebote,lg-oled83c31la-a3008321.html
4.5,"€ 869,00",27 Angebote,samsung-gq55qn85cat-a2915059.html
4.5,"€ 1449,00",64 Angebote,samsung-gq-s95c-v135924.html
3.7,"€ 949,00",38 Angebote,sony-x90l-v125480.html
4.2,"€ 598,08",25 Angebote,hisense-55u7kq-a2967257.html
4.4,"€ 379,00",21 Angebote,samsung-gu43cu7179u-a2915289.html
4.2,"€ 979,00",47 Angebote,philips-oled808-v131045.html
4.4,"€ 267,33",183 Angebote,hisense-a6k-v129634.html
5.0,"€ 2444,00",18 Angebote,panasonic-mzw2004-v138849.html
,"€ 299,00",22 Angebote,hisense-e7kq-v131837.html
,"€ 836,00",56 Angebote,panasonic-mz800e-v140541.html
5.0,"€ 359,00",19 Angebote,philips-50pus7608-a2937702.html
4.4,"€ 1099,00",14 Angebote,lg-oled55c37la-a2904724.html
4.4,"€ 399,00",27 Angebote,samsung-gu50cu7179u-a2915286.html
,"€ 787,00",62 Angebote,samsung-gq-qn92cat-v127453.html
,"€ 730,00",5 Angebote,tcl-t8a-v155111.html
3.3,"€ 599,00",27 Angebote,lg-qned816re-v128771.html
4.4,"€ 569,00",13 Angebote,philips-43pus8808-a2950382.html
3.9,"€ 1999,00",17 Angebote,sony-x95l-v125486.html
4.9,"€ 1929,00",21 Angebote,philips-oled908-v131041.html
4.3,"€ 164,10",60 Angebote,hisense-a4k-v129951.html
,"€ 549,00",18 Angebote,hisense-e7kq-pro-v131636.html
,"€ 1399,00",82 Angebote,lg-oled-c47la-v158132.html
4.8,"€ 2469,00",45 Angebote,sony-a95l-v125472.html
4.7,"€ 1549,00",22 Angebote,samsung-gq65s90cat-a2921881.html
4.1,"€ 339,00",30 Angebote,lg-nano756qc-v141980.html
5.0,"€ 3049,00",5 Angebote,lg-oled77g3-a2871773.html
,"€ 99,90",72 Angebote,dyon-enter-pro-x2-v87510.html
4.7,"€ 863,04",110 Angebote,samsung-gq-qn90cat-v126369.html
